None,397
a,46
Cooper,10
Charlie,10
Lucy,10
Oliver,9
Tucker,9
Penny,8
Winston,7
Daisy,7
Sadie,7
the,7
Toby,6
Lola,6
Jax,6
Koda,6
Oscar,5
Rusty,5
Stanley,5
Bo,5
Leo,5
Bella,5
Reggie,4
Dave,4
Alfie,4
Sophie,4
Winnie,4
Finn,4
an,4
Milo,4
Duke,4
Scout,4
Oakley,4
Bear,4
Jack,4
Cassie,4
Larry,4
Bentley,4
Scooter,4
Brody,4
Gus,4
Louis,4
Bailey,4
Dexter,4
Chester,4
George,4
Sammy,3
Shadow,3
Loki,3
Clark,3
Ellie,3
Wallace,3
Reese,3
Rosie,3
Archie,3
Wilson,3
Wyatt,3
Max,3
Jeffrey,3
Sebastian,3
very,3
Jimothy,3
Bruce,3
Hank,3
Boomer,3
Zeke,3
Olive,3
Gary,3
Beau,3
Kyle,3
Buddy,3
Otis,3
Vincent,3
Walter,3
one,3
Zoey,3
Maggie,3
Gizmo,3
Ruby,3
Theodore,2
Wally,2
Neptune,2
Herald,2
Piper,2
Odie,2
Paisley,2
Maximus,2
Gerald,2
Frankie,2
Jesse,2
Derek,2
getting,2
Moe,2
Bob,2
Nala,2
Kreg,2
Opal,2
Roosevelt,2
Kilo,2
Percy,2
Benji,2
Belle,2
Aspen,2
Axel,2
Waffles,2
Kreggory,2
Phil,2
Ted,2
Mister,2
Chip,2
just,2
Clarence,2
Jeph,2
Colby,2
Doc,2
Lorenzo,2
Bisquick,2
Sam,2
Django,2
Cash,2
Chuckles,2
Eli,2
Rory,2
Linda,2
Bernie,2
Sunny,2
quite,2
Raymond,2
Lenny,2
Kenneth,2
Churlie,2
Thumas,2
Samson,2
Dakota,2
Gabe,2
Coops,2
Coco,2
Finley,2
Riley,2
Remington,2
Lou,2
Lily,2
Reginald,2
Calvin,2
Alice,2
Olivia,2
Tyr,2
Titan,2
Rufus,2
Bubbles,2
Earl,2
Pippa,2
Dash,2
Ash,2
Abby,2
Watson,2
Terry,2
Indie,2
Trooper,2
Cody,2
Kirby,2
Phred,2
Sarge,2
Luna,2
Griffin,2
Solomon,2
Cupcake,2
Atlas,2
Jiminy,2
Calbert,2
Juno,2
Fiona,2
Franklin,2
Albert,2
Romeo,2
Hunter,2
Peaches,2
Crystal,2
Flávio,2
Hobbes,2
Moose,2
Louie,2
Smokey,2
Rocky,2
Luca,2
Malcolm,2
Panda,2
Oliviér,2
Carl,2
Yogi,2
Nelly,2
Frank,2
Jerome,1
Kenzie,1
Major,1
DonDon,1
Brandonald,1
Kial,1
Ozzie,1
Horace,1
Bilbo,1
Rorie,1
Zoe,1
Link,1
Carly,1
Albus,1
Fizz,1
Biden,1
Pete,1
Willem,1
Jessiga,1
Amber,1
Nimbus,1
Bookstore,1
Baxter,1
Tom,1
Devón,1
Yoda,1
Furzey,1
Cheesy,1
Lucky,1
Lennon,1
Ito,1
Walker,1
Jett,1
Zeus,1
Simba,1
Misty,1
Edmund,1
Obie,1
Gidget,1
Jimbo,1
Jebberson,1
Sephie,1
Rizzo,1
Molly,1
Nollie,1
Tove,1
Chloe,1
Shakespeare,1
Karll,1
Grizzwald,1
Moreton,1
Maxaroni,1
JD,1
Paull,1
Katie,1
Jareld,1
Timison,1
Dug,1
Kanu,1
Augie,1
Mabel,1
Tuco,1
Brian,1
Gunner,1
Joey,1
Murphy,1
Alexander,1
Ulysses,1
Strudel,1
Rizzy,1
Comet,1
Laela,1
Kevon,1
Tobi,1
Mitch,1
Ralphie,1
Bayley,1
Ronnie,1
Malikai,1
Tassy,1
Rumble,1
Tiger,1
Blanket,1
Enchilada,1
Sparky,1
Mollie,1
Superpup,1
Klevin,1
Carper,1
Stefan,1
Harry,1
Sprout,1
Mia,1
Craig,1
Autumn,1
Kona,1
Michelangelope,1
Shawwn,1
Lugan,1
Mona,1
River,1
Scruffers,1
Sky,1
Leonidas,1
Kawhi,1
Heinrich,1
Dante,1
Clarq,1
Duchess,1
Reagan,1
Gòrdón,1
Edgar,1
Rufio,1
Pickles,1
Clarkus,1
Tonks,1
Ollie,1
Spark,1
Dallas,1
Philbert,1
Lincoln,1
Anna,1
Brandi,1
Saydee,1
Jomathan,1
Griswold,1
Al,1
Goliath,1
Vince,1
Shiloh,1
Spanky,1
Kollin,1
Ivar,1
Fiji,1
Lilah,1
Timber,1
Sobe,1
Ambrose,1
Eugene,1
Hall,1
Durg,1
Sora,1
Julio,1
Taz,1
Cermet,1
Arnie,1
Sailor,1
Gustaf,1
Banditt,1
Gordon,1
Kody,1
Freddery,1
Bowie,1
Trigger,1
Sandy,1
Glenn,1
Sierra,1
Aldrick,1
Raphael,1
Jockson,1
Barney,1
Rover,1
Mary,1
Bloo,1
Chipson,1
Aiden,1
Ruffles,1
Tater,1
DayZ,1
Poppy,1
Jamesy,1
Lambeau,1
Maude,1
Tino,1
Chadrick,1
Harvey,1
Ronduh,1
Ridley,1
Curtis,1
Jennifur,1
Brooks,1
Staniel,1
Kaiya,1
Schnozz,1
Tedders,1
Kendall,1
Duddles,1
Crouton,1
Venti,1
Skittles,1
Finnegus,1
Sugar,1
Lilly,1
Betty,1
Willy,1
Socks,1
Torque,1
Rey,1
Liam,1
Fred,1
Jim,1
Carbon,1
Arlen,1
Ester,1
Danny,1
Lolo,1
Kayla,1
Alf,1
Charles,1
Mosby,1
Traviss,1
Chef,1
Ralphé,1
Kirk,1
Jazzy,1
Eevee,1
Millie,1
Thor,1
Nida,1
Harnold,1
Pilot,1
Ron,1
Shelby,1
Luther,1
Koko,1
Ike,1
Holly,1
Harper,1
Storkson,1
Remy,1
Kathmandu,1
Obi,1
Beemo,1
Longfellow,1
Bobble,1
Hurley,1
Dot,1
Aubie,1
Jay,1
Lilli,1
Dunkin,1
Steve,1
Chompsky,1
Mike,1
Skye,1
Joshwa,1
Chaz,1
Timmy,1
Terrance,1
Dixie,1
Charleson,1
Jaycob,1
Kuyu,1
Tilly,1
Brudge,1
Marvin,1
Birf,1
Blakely,1
Maisey,1
Amélie,1
Baron,1
Sampson,1
Ebby,1
Godzilla,1
Filup,1
Pluto,1
Fynn,1
Keurig,1
Ava,1
Brutus,1
Claude,1
Kulet,1
Creg,1
Dudley,1
my,1
Glacier,1
Stella,1
Bradley,1
Marlee,1
Samsom,1
incredibly,1
not,1
Hubertson,1
Maddie,1
Ozzy,1
Burt,1
Dale,1
Rodney,1
Baloo,1
Emmy,1
Terrenth,1
Levi,1
Dawn,1
Kloey,1
Jackie,1
Keet,1
Tug,1
Smiley,1
Jarod,1
Mya,1
Willow,1
Sid,1
Halo,1
Logan,1
Winifred,1
Gerbald,1
Acro,1
Jeremy,1
Humphrey,1
Brady,1
Arlo,1
Pancake,1
Dotsy,1
Stephan,1
Iroh,1
Ken,1
Harold,1
Buddah,1
officially,1
Jo,1
Kara,1
Erik,1
Sprinkles,1
Vixen,1
Cupid,1
Stephanus,1
Arnold,1
Josep,1
Hector,1
Ginger,1
Lorelei,1
Zara,1
Jarvis,1
Miguel,1
Lillie,1
Cora,1
Shnuggles,1
Chet,1
Leonard,1
Cilantro,1
light,1
Sojourner,1
Olaf,1
Gilbert,1
Darrel,1
Geoff,1
Meatball,1
Pupcasso,1
Donny,1
Tripp,1
Pumpkin,1
Naphaniel,1
Grady,1
Lucia,1
Kevin,1
Cleopatricia,1
Mattie,1
Jameson,1
Divine,1
Jed,1
BeBe,1
Lance,1
Cal,1
Grizz,1
Bruno,1
Kaia,1
Christoper,1
Taco,1
Berb,1
Roscoe,1
Sage,1
Andy,1
Sundance,1
Rueben,1
Jerry,1
Hero,1
Scott,1
Chubbs,1
Asher,1
Mac,1
Tupawc,1
Jazz,1
Ace,1
Kobe,1
Tebow,1
Butter,1
Strider,1
Corey,1
Tango,1
Brat,1
Petrick,1
Boston,1
Bode,1
Dex,1
Kramer,1
Robin,1
Bert,1
Crumpet,1
Aja,1
Marley,1
Alexanderson,1
Ralphus,1
Franq,1
Evy,1
Nigel,1
Karma,1
Bauer,1
Klein,1
Loomis,1
Doobert,1
Chevy,1
Ben,1
Reptar,1
Ralphson,1
Godi,1
Puff,1
Emmie,1
Snoopy,1
Kenny,1
Travis,1
Jangle,1
Margo,1
Grizzie,1
Richie,1
Orion,1
Juckson,1
Pipsy,1
Jeb,1
Ziva,1
Lassie,1
Ashleigh,1
Opie,1
Mack,1
Herb,1
Bones,1
Monkey,1
Philippe,1
Darby,1
Zeek,1
Antony,1
Kellogg,1
Doug,1
Rooney,1
Gin,1
Snoop,1
Rinna,1
Schnitzel,1
Maya,1
Layla,1
Brownie,1
Nico,1
Blue,1
Einstein,1
Remus,1
Tyrone,1
Grey,1
Stubert,1
Colin,1
Adele,1
Chelsea,1
Ole,1
Napolean,1
Sansa,1
Vinscent,1
Ralpher,1
Crimson,1
Darla,1
Huck,1
Stormy,1
Rontu,1
Wafer,1
Rolf,1
Blu,1
Covach,1
Snicku,1
Newt,1
Odin,1
Bluebert,1
Patch,1
Cali,1
Chase,1
Dietrich,1
Oshie,1
Bubba,1
Billy,1
Mojo,1
Ralph,1
Apollo,1
Bobbay,1
Timofy,1
Huxley,1
Rubio,1
Livvie,1
Jimison,1
Nugget,1
Mauve,1
Florence,1
Goose,1
Dewey,1
Pablo,1
space,1
Ralf,1
Shadoe,1
Alejandro,1
Flash,1
Tedrick,1
Wesley,1
Eleanor,1
Tycho,1
Monty,1
Stuart,1
Tayzie,1
Howie,1
Diogi,1
Suki,1
CeCe,1
Snickers,1
Beckham,1
Perry,1
Stu,1
Noah,1
Bobb,1
Lenox,1
Spencer,1
Flurpson,1
Toffee,1
Wishes,1
Fillup,1
Kyro,1
Angel,1
Bell,1
Kane,1
Dutch,1
Dook,1
Atticus,1
Stewie,1
Lili,1
Banjo,1
Hanz,1
Billl,1
Pepper,1
Vinnie,1
Willie,1
Mookie,1
Davey,1
Pippin,1
Cannon,1
Clybe,1
Lipton,1
Butters,1
Striker,1
Bonaparte,1
Monster,1
Dobby,1
Kota,1
Deacon,1
Carll,1
Canela,1
Mimosa,1
Pawnd,1
Bungalo,1
Hermione,1
Meera,1
Tyrus,1
Kingsley,1
Coopson,1
Bradlay,1
Jeffri,1
Binky,1
Ed,1
Alfy,1
Marq,1
Harlso,1
Arya,1
Buckley,1
Leela,1
Pubert,1
Hercules,1
Rambo,1
Jessifer,1
Amy,1
Jackson,1
Emma,1
Rilo,1
Jonah,1
Astrid,1
William,1
Bronte,1
Shooter,1
Miley,1
Dylan,1
Meyer,1
Bruiser,1
Pavlov,1
Fwed,1
Akumi,1
Quinn,1
unacceptable,1
Brandy,1
actually,1
Zooey,1
Geno,1
Barclay,1
Siba,1
Andru,1
Mingus,1
Emanuel,1
Happy,1
Blitz,1
Trevith,1
Benny,1
Cedrick,1
Sandra,1
Frönq,1
O,1
Bodie,1
Boots,1
Eriq,1
Brad,1
Todo,1
Crawford,1
Mason,1
Cuddles,1
Rhino,1
Rocco,1
all,1
Genevieve,1
Stark,1
Trip,1
infuriating,1
Tuck,1
Sweet,1
Cecil,1
Gustav,1
Noosh,1
Lupe,1
Bloop,1
Mutt,1
Hazel,1
Dido,1
Lacy,1
Gromit,1
Swagger,1
Berkeley,1
Oreo,1
Maks,1
Aqua,1
Beebop,1
Callie,1
Gert,1
Penelope,1
Shikha,1
Eve,1
Benedict,1
Rose,1
Lulu,1
Mairi,1
Rupert,1
Milky,1
