4,Here we have a majestic great white breaching off South Africa's coast. Absolutely h*ckin breathtaking. 13/10 (IG: tucker_marlo) #BarkWeek https://t.co/kQ04fDDRmh
6,When you watch your owner call another dog a good boy but then they turn back to you and say you're a great boy. 13/10 https://t.co/v0nONBcwxq
11,Here's a puppo that seems to be on the fence about something haha no but seriously someone help her. 13/10 https://t.co/BxvuXk0UCm
21,You may not have known you needed to see this today. 13/10 please enjoy (IG: emmylouroo) https://t.co/WZqNqygEyV
22,This... is a Jubilant Antarctic House Bear. We only rate dogs. Please only send dogs. Thank you... 12/10 would suffocate in floof https://t.co/4Ad1jzJSdp
29,Here we have a corgi undercover as a malamute. Pawbably doing important investigative work. Zero control over tongue happenings. 13/10 https://t.co/44ItaMubBf
33,"I present to you, Pup in Hat. Pup in Hat is great for all occasions. Extremely versatile. Compact as h*ck. 14/10 (IG: itselizabethgales) https://t.co/vvBOcC2VdC"
38,"Please only send dogs. We don't rate mechanics, no matter how h*ckin good. Thank you... 13/10 would sneak a pat https://t.co/Se5fZ9wp5E"
46,"Here is a pupper approaching maximum borkdrive. Zooming at never before seen speeds. 14/10 paw-inspiring af 
(IG: puffie_the_chow) https://t.co/ghXBIIeQZF"
47,Ugh not again. We only rate dogs. Please don't send in well-dressed  floppy-tongued street penguins. Dogs only please. Thank you... 12/10 https://t.co/WiAMbTkDPf
50,Please don't send in photos without dogs in them. We're not @porch_rates. Insubordinate and churlish. Pretty good porch tho 11/10 https://t.co/HauE8M3Bu4
68,Guys please stop sending pictures without any dogs in th- oh never mind hello excuse me sir. 12/10 stealthy as h*ck https://t.co/brCQoqc8AW
71,"I can't believe this keeps happening. This, is a birb taking a bath. We only rate dogs. Please only send dogs. Thank you... 12/10 https://t.co/pwY9PQhtP2"
73,"We usually don't rate Deck-bound Saskatoon Black Bears, but this one is h*ckin flawless. Sneaky tongue slip too. 13/10 would hug firmly https://t.co/mNuMH9400n"
75,Here's a very large dog. He has a date later. Politely asked this water person to check if his breath is bad. 12/10 good to go doggo https://t.co/EMYIdoblMR
76,"Here are my favorite #dogsatpollingstations 
Most voted for a more consistent walking schedule and to increase daily pats tenfold. All 13/10 https://t.co/17FVMl4VZ5"
78,We. Only. Rate. Dogs. Do not send in other things like this fluffy floor shark clearly ready to attack. Get it together guys... 12/10 https://t.co/BZHiKx3FpQ
93,Here's a h*ckin peaceful boy. Unbothered by the comings and goings. 13/10 please reveal your wise ways https://t.co/yeaH8Ej5eM
95,"Unbelievable. We only rate dogs. Please don't send in non-canines like the ""I"" from Pixar's opening credits. Thank you... 12/10 https://t.co/JMhDNv5wXZ"
98,"Oh my this spooked me up. We only rate dogs, not happy ghosts. Please send dogs only. It's a very simple premise. Thank you... 13/10 https://t.co/M5Rz0R8SIQ"
112,We only rate dogs. Please don't send perfectly toasted marshmallows attempting to drive. Thank you... 13/10 https://t.co/nvZyyrp0kd
114,HI. MY. NAME. IS. BOOMER. AND. I. WANT. TO. SAY. IT'S. H*CKIN. RIDICULOUS. THAT. DOGS. CAN'T VOTE. ABSOLUTE. CODSWALLUP. THANK. YOU. 13/10 https://t.co/SqKJPwbQ2g
120,Sorry for the lack of posts today. I came home from school and had to spend quality time with my puppo. Her name is Zoey and she's 13/10 https://t.co/BArWupFAn0
122,I have stumbled puppon a doggo painting party. They're looking to be the next Pupcasso or Puppollock. All 13/10 would put it on the fridge https://t.co/cUeDMlHJbq
127,"Instead of the usual nightly dog rate, I'm sharing this story with you. Meeko is 13/10 and would like your help 

https://t.co/Mj4j6QoIJk https://t.co/JdNE5oqYEV"
132,Here's a puppo participating in the #ScienceMarch. Cleverly disguising her own doggo agenda. 13/10 would keep the planet habitable for https://t.co/cMhq16isel
137,Sometimes you guys remind me just how impactful a pupper can be. Cooper will be remembered as a good boy by so many. 14/10 rest easy friend https://t.co/oBL7LEJEzR
138,"At first I thought this was a shy doggo, but it's actually a Rare Canadian Floofer Owl. Amateurs would confuse the two. 11/10 only send dogs https://t.co/TXdT3tmuYk"
140,A photographer took pictures before and after he told his bunny he's a good boy. Here are the results. 13/10 https://t.co/wiQZIsaWUe
145,Oh jeez u did me quite the spook little fella. We normally don't rate triceratops but this one seems suspiciously good. 11/10 would pet well https://t.co/BMtfCmNbnS
151,Seriously guys? Again? We only rate dogs. Please stop submitting other things like this super good hammerhead shark. Thank you... 12/10 https://t.co/TCMC90mSOT
153,Please stop sending in animals other than dogs. We only rate dogs. Not Furry Ecuadorian Sea Turtles. Thank you... 12/10 https://t.co/UOE79zb6VU
160,Unbelievable... We. Only. Rate. Dogs. Please stop sending in other things like this Blossoming Flop Kangaroo. Thank you... 11/10 https://t.co/EeeErAbso0
165,We usually don't rate polar bears but this one seems extra good. Majestic as h*ck. 13/10 would hug for a while https://t.co/TLNexlqzXP
166,"C'mon guys. Please only send in dogs. We only rate dogs, not Exceptional-Tongued Peruvian Floor Bears. Thank you... 12/10 https://t.co/z30iQLiXNo"
181,Here we have some incredible doggos for #K9VeteransDay. All brave as h*ck. Salute your dog in solidarity. 14/10 for all https://t.co/SVNMdFqKDL
193,"Here's a pupper before and after being asked ""who's a good girl?"" Unsure as h*ck. 12/10 hint hint it's you https://t.co/ORiK6jlgdH"
200,Atlas is back and this time he's prettier than the sunset. Seems to be aware of it too. 13/10 would give modeling contract https://t.co/uRdKlFArQE
204,We only rate dogs. Please don't send in any non-canines like this Floppy Tongued House Panda. Thank you... 12/10 would still pet https://t.co/8fX2VkExnL
205,When you're so blinded by your systematic plagiarism that you forget what day it is. 0/10 https://t.co/YbEJPkg4Ag
208,Here's a doggo fully pupared for a shower. H*ckin exquisite balance. Sneaky tongue slip too. 13/10 https://t.co/UtEVnQ1ZPg
227,"I usually only share these on Friday's, but this is Blue. He's a very smoochable pooch who needs your help. 13/10

https://t.co/piiX0ke8Z6 https://t.co/1UHrKcaCiO"
230,I couldn't make it to the #WKCDogShow BUT I have people there on the ground relaying me the finest pupper pics possible. 13/10 for all https://t.co/jd6lYhfdH4
238,Here's a stressed doggo. Had a long day. Many things on her mind. The hat communicates these feelings exquisitely. 11/10 https://t.co/fmRS43mWQB
260,We only rate dogs. Please don't send in any more non-dogs like this Wild Albanian Street Moose. Thank you... 11/10 https://t.co/srXL2s868C
261,"Here's a little more info on Dew, your favorite roaming doggo that went h*ckin viral. 13/10 
https://t.co/1httNYrCeW https://t.co/KvaM8j3jhX"
264,Here's a very loving and accepting puppo. Appears to have read her Constitution well. 14/10 would pat head approvingly https://t.co/6ao80wIpV1
269,Retweet the h*ck out of this 13/10 pupper #BellLetsTalk https://t.co/wBmc7OaGvS
275,Here's a super supportive puppo participating in the Toronto  #WomensMarch today. 13/10 https://t.co/nTz3FtorBc
277,Please stop sending in non-canines like this Very Pettable Dozing Bath Tortoise. We only rate dogs. Only send dogs... 12/10 https://t.co/mcagPeENIh
280,We only rate dogs. Please don't send pics of men capturing low level clouds. Thank you... 11/10 https://t.co/rLi83ZyCL5
286,Here's a doggo who looks like he's about to give you a list of mythical ingredients to go collect for his potion. 11/10 would obey https://t.co/8SiwKDlRcl
289,The floofs have been released I repeat the floofs have been released. 84/70 https://t.co/NIYC820tmd
290,"We are proud to support @LoveYourMelon on their mission to put a hat on every kid battling cancer. They are 14/10

https://t.co/XQlmPTLHPl https://t.co/ZNIkkHgtYE"
308,Name a more iconic quartet... I'll wait. 13/10 for all https://t.co/kCLgD8687T
315,Here's a pupper with squeaky hiccups. Please enjoy. 13/10 https://t.co/MiMKtsLN6k
326,Here's a doggo who has concluded that Christmas is entirely too bright. Requests you tone it down a notch. 11/10 https://t.co/cD967DjnIn
327,We only rate dogs. Please don't send in other things like this very good Christmas tree. Thank you... 13/10 https://t.co/rvSANEsQZJ
330,Everybody stop what you're doing and look at this dog with her tiny Santa hat. 13/10 https://t.co/KK4XQK9SPi
331,Here's an anonymous doggo that appears to be very done with Christmas. 11/10 cheer up pup https://t.co/BzITyGw3JA
350,"Please only send in dogs. We only rate dogs, not seemingly heartbroken ewoks. Thank you... still 10/10 would console https://t.co/HIraYS1Bzo"
351,"I call this one ""A Blep by the Sea"" 12/10 https://t.co/EMdnCugNbo"
355,Here's a pupper in a onesie. Quite pupset about it. Currently plotting revenge. 12/10 would rescue https://t.co/xQfrbNK3HD
361,"""Good afternoon class today we're going to learn what makes a good boy so good"" 13/10 https://t.co/f1h2Fsalv9"
370,Pupper hath acquire enemy. 13/10 https://t.co/ns9qoElfsX
390,Here's a helicopter pupper. He takes off at random. H*ckin hard to control. 12/10 rare af https://t.co/GRWPgNKt2z
395,Here's a sleepy doggo that requested some assistance. 12/10 would carry everywhere https://t.co/bvkkqOjNDV
398,I didn't believe it at first but now I can see that voter fraud is a serious h*ckin issue. 11/10 https://t.co/7i0bDMbrVN
401,Elder doggo does a splash. Both 13/10 incredible stuff https://t.co/gBUDjdEcqz
411,Oh h*ck look at this spookling right here. Fright level off the charts. 12/10 sufficiently spooked https://t.co/BNy9IIJMb0
424,When she says you're a good boy and you know you're a good boy because you're a good boy. 13/10 https://t.co/O5IUmRHRIh
442,Atlas is back and this time he's got doggles. Still 13/10 solarly conscious af https://t.co/s7MgFWDySc
450,"""Honestly Kathleen I just want more Ken Bone"" 12/10 https://t.co/HmlEvAMP4r"
473,Who keeps sending in pictures without dogs in them? This needs to stop. 5/10 for the mediocre road https://t.co/ELqelxWMrC
474,Idk why this keeps happening. We only rate dogs. Not Bangladeshi Couch Chipmunks. Please only send dogs... 12/10 https://t.co/ya7bviQUUf
476,"We normally don't rate lobsters, but this one appears to be a really good lobster. 10/10 would pet with caution https://t.co/YkHc7U7uUy"
480,Here's a perturbed super floof. 12/10 would snug so damn well https://t.co/VG095mi09Q
482,We only rate dogs. Pls stop sending in non-canines like this Urban Floof Giraffe. I can't handle this. 11/10 https://t.co/zHIqpM5Gni
485,Everybody drop what you're doing and look at this dog. 13/10 must be super h*ckin rare https://t.co/I1bJUzUEW5
490,RIP Loki. Thank you for the good times. You will be missed by many. 14/10 https://t.co/gJKD9pst5A
493,Evolution of a pupper yawn featuring Max. 12/10 groundbreaking stuff https://t.co/t8Y4x9DmVD
496,"""Yep... just as I suspected. You're not flossing."" 12/10 and 11/10 for the pup not flossing https://t.co/SuXcI9B7pQ"
501,Atlas rolled around in some chalk and now he's a magical rainbow floofer. 13/10 please never take a bath https://t.co/nzqTNw0744
503,I can't tap the screen to make the hearts appear fast enough. 10/10 for the source of all future unproductiveness https://t.co/wOhuABgj6I
509,I WAS SENT THE ACTUAL DOG IN THE PROFILE PIC BY HIS OWNER THIS IS SO WILD. 14/10 ULTIMATE LEGEND STATUS https://t.co/7oQ1wpfxIH
518,You need to watch these two doggos argue through a cat door. Both 11/10 https://t.co/qEP31epKEV
520,Guys this is getting so out of hand. We only rate dogs. This is a Galapagos Speed Panda. Pls only send dogs... 10/10 https://t.co/8lpAGaZRFn
522,Here's a couple rufferees making sure all the sports are played fairly today. Both 10/10 would bribe with extra pets https://t.co/H9yjI9eo3A
576,We only rate dogs... this is a Taiwanese Guide Walrus. Im getting real heckin tired of this. Please send dogs. 10/10 https://t.co/49hkNAsubi
584,This doggo is just waiting for someone to be proud of her and her accomplishment. 13/10 legendary af https://t.co/9T2h14yn4Q
587,Why does this never happen at my front door... 165/150 https://t.co/HmwrdfEfUE
590,Teagan reads entire books in store so they're free. Loved 50 Shades of Grey (how dare I make that joke so late) 9/10 https://t.co/l46jwv5WYv
594,She walks herself up and down the train to be petted by all the passengers. 13/10 I can't handle this https://t.co/gwKCspY8N2
595,Here's a doggo completely oblivious to the double rainbow behind him. 10/10 someone tell him https://t.co/OfvRoD6ndV
600,Pwease accept dis rose on behalf of dog. 11/10 https://t.co/az5BVcIV5I
601,Here's a heartwarming scene of a single father raising his two pups. Downright awe-inspiring af. 12/10 for everyone https://t.co/hfddJ0OiNR
602,When ur older siblings get to play in the deep end but dad says ur not old enough. Maybe one day puppo. All 10/10 https://t.co/JrDAzMhwG9
603,Here's a frustrated pupper attempting to escape a pool of Frosted Flakes. 12/10 https://t.co/GAYViEweWr
607,"When you hear your owner say they need to hatch another egg, but you've already been on 17 walks today. 10/10 https://t.co/lFEoGqZ4oA"
609,"""The dogtor is in hahahaha no but seriously I'm very qualified and that tumor is definitely malignant"" 10/10 https://t.co/ULqThwWmLg"
615,Nothing better than a doggo and a sunset. 10/10 majestic af https://t.co/xVSodF19PS
616,"Hooman used Pokeball
*wiggle*
*wiggle*
Doggo broke free 
10/10 https://t.co/bWSgqnwSHr"
617,Hopefully this puppo on a swing will help get you through your Monday. 11/10 would push https://t.co/G54yClasz2
618,Here's a doggo trying to catch some fish. 8/10 futile af (vid by @KellyBauerx) https://t.co/jwd0j6oWLE
624,Here's a pupper that's very hungry but too lazy to get up and eat. 12/10 (vid by @RealDavidCortes) https://t.co/lsVAMBq6ex
626,"""This photographer took pics of her best friend before and after she told them they were beautiful"" 12/10 https://t.co/510gJW9fsy"
632,"And finally, happy 4th of July from the squad ?? 13/10 for all https://t.co/Mr8Lr3iOUe"
637,Pause your cookout and admire this pupper's nifty hat. 10/10 https://t.co/RG4C9IdNJM
645,Duuun dun... duuun dun... dunn  dun. dunn dun. dun dun dun dun dun dun dun dun dun dun dun dun dun dun dun. 10/10 https://t.co/9qdJ2Q1Cwx
655,"""So... we meat again"" (I'm so sorry for that pun I couldn't resist pls don't unfollow) 10/10 https://t.co/XFBrrqapZa"
657,PUPPER NOOOOO BEHIND YOUUU 10/10 pls keep this pupper in your thoughts https://t.co/ZPfeRtOX0Q
658,Pls don't send more sherks. I don't care how seemingly floofy they are. It does me so much frighten. Thank u. 11/10 https://t.co/oQqlOsla4R
659,This is a mighty rare blue-tailed hammer sherk. Human almost lost a limb trying to take these. Be careful guys. 8/10 https://t.co/TGenMeXreW
661,Viewer discretion is advised. This is a terrible attack in progress. Not even in water (tragic af). 4/10 bad sherk https://t.co/L3U0j14N5R
663,Again w the sharks guys. This week is about dogs ACTING or DRESSING like sharks. NOT actual sharks. Thank u ...11/10 https://t.co/Ie2mWXWjpr
664,Guys pls stop sending actual sharks. It's too dangerous for me and the people taking the photos. Thank you ...10/10 https://t.co/12lICZN2SP
666,"Guys... I said DOGS with ""shark qualities"" or ""costumes."" Not actual sharks. This did me a real frighten ...11/10 https://t.co/DX1JUHJVN7"
667,This is a carrot. We only rate dogs. Please only send in dogs. You all really should know this by now ...11/10 https://t.co/9e48aPrBm2
668,When you just can't resist... 10/10 topnotch tongue https://t.co/jeWEGUgbXf
671,This is an Iraqi Speed Kangaroo. It is not a dog. Please only send in dogs. I'm very angry with all of you ...9/10 https://t.co/5qpBTTpgUt
683,Here's a doggo realizing you can stand in a pool. 13/10 enlightened af (vid by Tina Conrad) https://t.co/7wE9LTEXC4
685,When you're given AUX cord privileges from the back seat and accidentally start blasting an audiobook... both 10/10 https://t.co/gCCrY8P0K9
689,This is a very rare Great Alaskan Bush Pupper. Hard to stumble upon without spooking. 12/10 would pet passionately https://t.co/xOBKCdpzaa
694,When your crush won't pay attention to you. Both 10/10 tragic af https://t.co/d3LELGVlqu
699,Here we are witnessing the touchdown of a pupnado. It's not funny it's actually very deadly. 9/10 might still pet https://t.co/CmLoKMbOHv
701,"After so many requests, this is Bretagne. She was the last surviving 9/11 search dog, and our second ever 14/10. RIP https://t.co/XAVDNDaVgQ"
708,This... is a Tyrannosaurus rex. We only rate dogs. Please only send in dogs. Thank you ...10/10 https://t.co/zxw8d5g94P
710,Here's a doggo blowing bubbles. It's downright legendary. 13/10 would watch on repeat forever (vid by Kent Duryee) https://t.co/YcXgHfp1EC
712,When a single soap orb changes your entire perception of the universe... 10/10 https://t.co/9eCXpVExJc
714,"""Don't talk to me or my son ever again"" ...10/10 for both https://t.co/s96OYXZIfK"
715,"For the last time, we only rate dogs. Pls stop sending other animals like this Duck-Billed Platypus. Thank you. 9/10 https://t.co/twxYcPOafl"
720,We only rate dogs. Pls stop sending in non-canines like this Slovak Car Bunny. It makes my job very difficult. 11/10 https://t.co/VflvQLH2y5
721,Just wanted to share this super rare Rainbow Floofer in case you guys haven't seen it yet. 13/10 colorful af https://t.co/CaG9MzD3WT
725,Right after you graduate vs when you remember you're on your own now and can barely work a washing machine ...10/10 https://t.co/O1TLuYjsNS
727,*faints* 12/10 perfection in pupper form https://t.co/t6TxTwTLEK
732,This dog is more successful than I will ever be. 13/10 absolute legend https://t.co/BPoaHySYwA
736,"""Ello this is dog how may I assist"" ...10/10 https://t.co/jeAENpjH7L"
740,"When your teacher agreed on 10,000 RTs and no final but after 24 hours you only have 37... 10/10 https://t.co/sVnJfWVjUp"
751,"When you're way too slow for the ""down low"" portion of a high five. 13/10 https://t.co/Cofwoy7Vpq"
759,Here's a doggo struggling to cope with the winds. 13/10 https://t.co/qv3aUwaouT
760,This pupper had to undergo emergency haircut surgery so he could hear again. 10/10 miraculous af https://t.co/fUyDIFkBwx
761,This pupper was about to explain where that dirt came from but then decided against it. 11/10 https://t.co/SbaelU6zRs
762,I swear to god if we get sent another Blue Madagascan Peacock we'll deactivate. We ? Only ? Rate ? Dogs... 9/10 https://t.co/bbta2Q4URK
767,I'm getting super heckin frustrated with you all sending in non canines like this ostrich. We only rate dogs... 9/10 https://t.co/Rgbni2Ns8z
772,Nothin better than a doggo and a sunset. 11/10 https://t.co/JlFqOhrHEs
781,Happy 4/20 from the squad! 13/10 for all https://t.co/eV1diwds8a
787,Garden's coming in nice this year. 10/10 https://t.co/5Lra3e4rrw
791,This doggo was initially thrilled when she saw the happy cartoon pup but quickly realized she'd been deceived. 10/10 https://t.co/mvnBGaWULV
798,We normally don't rate marshmallows but this one appears to be flawlessly toasted so I'll make an exception. 10/10 https://t.co/D9jbbmPmos
800,Get you a pup that can do both. 10/10 https://t.co/zSbyvm62xZ
805,People please. This is a Deadly Mediterranean Plop T-Rex. We only rate dogs. Only send in dogs. Thanks you... 11/10 https://t.co/2ATDsgHD4n
813,Here's a super majestic doggo and a sunset 11/10 https://t.co/UACnoyi8zu
815,This is a taco. We only rate dogs. Please only send in dogs. Dogs are what we rate. Not tacos. Thank you... 10/10 https://t.co/cxl6xGY8B9
824,Here are two lil cuddly puppers. Both 12/10 would snug like so much https://t.co/zO4eb7C4tG
827,Happy Easter from the squad! ?? 13/10 for all https://t.co/YMx4KWJUAB
828,"I know we only rate dogs, but since it's Easter I guess we could rate a bunny for a change. 10/10 petable as hell https://t.co/O2RlKXigHu"
830,Happy Saturday here's 9 puppers on a bench. 99/90 good work everybody https://t.co/mpvaVxKmc1
832,Here we see an extremely rare Bearded Floofmallow. Only a few left in the wild. 11/10 would pet with a purpose https://t.co/jVJJKlPbvq
836,Please don't send in any more polar bears. We only rate dogs. Thank you... 10/10 https://t.co/83RGhdIQz2
839,I can't even comprehend how confused this dog must be right now. 10/10 https://t.co/8AGcQ4hIfK
842,I want to hear the joke this dog was just told. 10/10 https://t.co/1KiuZqqOD4
843,"""Please, no puparazzi"" 11/10 https://t.co/nJIXSPfedK"
844,What hooligan sent in pictures w/out a dog in them? Churlish af. 3/10 just bc that's a neat fluffy bean bag chair https://t.co/wcwoGOkZvz
849,Here's a brigade of puppers. All look very prepared for whatever happens next. 80/80 https://t.co/0eb7R1Om12
853,"The squad is back for St. Patrick's Day! ? ?
13/10 for all https://t.co/OcCDb2bng5"
856,This pupper got her hair chalked for her birthday. Hasn't told her parents yet. Rebellious af. 11/10 very nifty https://t.co/h1OX2mLtxV
858,*lets out a tiny whimper and then collapses* ...12/10 https://t.co/BNdVZEHRow
866,"From left to right:
Cletus, Jerome, Alejandro, Burp, &amp; Titson
None know where camera is. 45/50 would hug all at once https://t.co/sedre1ivTK"
869,Here's a pupper with magic eyes. Not wearing a seat belt tho (irresponsible af). Very distracting to driver. 9/10 https://t.co/5DLJB4ssvI
879,Please stop sending in non canines like this Guatemalan Twiggle Bunny. We only rate dogs. Only send in dogs... 11/10 https://t.co/XKhobeGuvT
882,Everybody stop what you're doing and watch this video. Frank is stuck in a loop. 13/10 (Vid by @klbmatty) https://t.co/5AJs8TIV1U
885,When your roommate eats your leftover Chili's but you pretend it's no big deal cuz you fat anyway. 10/10 head up pup https://t.co/0nMgoue8IR
888,"""I shall trip the big pupper with leash. Big pupper will never see it coming. I am a genius."" Both 11/10 https://t.co/uQsCJ8pf51"
890,This dog just brutally murdered a snowman. Currently toying with its nutritious remains 9/10 would totally still pet https://t.co/iKThgKnW1j
900,Please enjoy this pup in a cooler. Permanently ready for someone to throw a tennis ball his way. 12/10 https://t.co/KUS0xl7XIp
902,Here's a very sleepy pupper. Thinks it's an airplane. 12/10 would snug for eternity https://t.co/GGmcTIkBbf
903,When you're just relaxin and having a swell time but then remember you have to fill out the FAFSA ...11/10 https://t.co/qy33OBcexg
909,"""Ma'am, for the last time, I'm not authorized to make that type of transaction"" 11/10 https://t.co/nPTBsdm3BF"
917,Here is a heartbreaking scene of an incredible pupper being laid to rest. 10/10 RIP pupper https://t.co/81mvJ0rGRu
918,"""Yes hi could I get a number 4 with no pickles"" ...12/10 https://t.co/kQPVxqA3gq"
919,This pupper killed this great white in an epic sea battle. Now wears it as a trophy. Such brave. Much fierce. 13/10 https://t.co/Lu0ECu5tO5
920,When you wake up from a long nap and have no idea who you are. 12/10 https://t.co/dlF93GLnDc
924,Here is a whole flock of puppers.  60/50 I'll take the lot https://t.co/9dpcw6MdWa
925,"""YOU CAN'T HANDLE THE TRUTH"" both 10/10 https://t.co/ZvxdB4i9AG"
926,When you're trying to watch your favorite tv show but your friends keep interrupting. 10/10 relatable af https://t.co/QQZDCYl6zT
930,Happy Friday here's a sleepy pupper 12/10 https://t.co/eBcqv9SPkY
931,This is a Butternut Cumberfloof. It's not windy they just look like that. 11/10 back at it again with the red socks https://t.co/hMjzhdUHaW
935,This is a Wild Tuscan Poofwiggle. Careful not to startle. Rare tongue slip. One eye magical. 12/10 would def pet https://t.co/4EnShAQjv6
936,Please enjoy this picture as much as I did. 12/10 https://t.co/7u8mM99Tj5
937,"""AND IIIIIIIIIIIEIIIIIIIIIIIII WILL ALWAYS LOVE YOUUUUU"" 11/10 https://t.co/rSNCEiTtfI"
938,"I know it's tempting, but please stop sending in pics of Donald Trump. Thank you ...9/10 https://t.co/y35Y1TJERY"
945,"I'm not sure what's happening here, but it's pretty spectacular. 12/10 for both https://t.co/JKXh0NbBNL"
947,"""Pupper is a present to world. Here is a bow for pupper."" 12/10 precious as hell https://t.co/ItSsE92gCW"
954,If a pupper gave that to me I'd probably start shaking and faint from all the joy. 11/10 https://t.co/o9aJVPB25n
955,When it's Janet from accounting's birthday but you can't eat the cake cuz it's chocolate. 10/10 hang in there pupper https://t.co/Fbdr5orUrJ
960,Take all my money. 10/10 https://t.co/B28ebc5LzQ
963,I know this is a tad late but here's a wonderful Valentine's Day pupper 12/10 https://t.co/hTE2PEwGvi
964,"""Don't ever talk to me or my son again."" ...both 10/10 https://t.co/b8ncwl6TlE"
967,"""I'm bathing the children what do you want?""  ...both 10/10 https://t.co/Rizm1LWh4z"
969,ERMAHGERD 12/10 please enjoy https://t.co/7WrAWKdBac
970,HAPPY V-DAY FROM YOUR FAV PUPPER SQUAD 13/10 for all https://t.co/7u6VnZ1UFe
973,This dog is never sure if he's doing the right thing. 10/10 https://t.co/GXq43zFfBu
976,Here we are witnessing five Guatemalan Birch Floofs in their natural habitat. All 12/10 (Vid by @pootdanielle) https://t.co/rb8nzVNh7F
983,"""Dammit hooman quit playin I jus wanna wheat thin"" 11/10 https://t.co/yAASRDPJnQ"
986,This pupper doubles as a hallway rug. Very rare. Versatile af. 11/10 https://t.co/Jxd5pR02Cn
987,Here's a pupper with a piece of pizza. Two of everybody's favorite things in one photo. 11/10 https://t.co/5USjFjKI7Z
989,Happy Wednesday here's a bucket of pups. 44/40 would pet all at once https://t.co/HppvrYuamZ
995,These two pirates crashed their ship and don't know what to do now. Very irresponsible of them. Both 9/10 https://t.co/RJvUjgGH5z
996,Guys I found the dog from Up. 12/10 https://t.co/WqoZtX9jmJ
999,12/10 revolutionary af https://t.co/zKzq4nIY86
1001,Here's a dog enjoying a sunset. 11/10 would trade lives with https://t.co/VsQdLxrv9h
1004,We normally don't rate unicorns but this one has 3 ears so it must be super rare. 12/10 majestic af https://t.co/f9qlKiv39T
1007,This is just a beautiful pupper good shit evolution. 12/10 https://t.co/2L8pI0Z2Ib
1012,"""Martha come take a look at this. I'm so fed up with the media's unrealistic portrayal of dogs these days."" 10/10 https://t.co/Sd4qAdSRqI"
1017,This pupper is afraid of its own feet. 12/10 would comfort https://t.co/Tn9Mp0oPoJ
1018,When you keepin the popcorn bucket in your lap and she reach for some... 10/10 https://t.co/a1IrjaID3X
1020,I hope you guys enjoy this beautiful snowy pupper as much as I did. 11/10 https://t.co/DYUsHtL2aR
1023,"""Thank you friend that was a swell petting"" 11/10 (vid by @MatthewjamesMac) https://t.co/NY3cPAZAIM"
1025,Please only send in dogs. Don't submit other things like this pic of Kenny Chesney in a bathtub. Thank you. 9/10 https://t.co/TMpDHHGspy
1027,"""Fuck the system"" 10/10 https://t.co/N0OADmCnVV"
1029,This pupper just descended from heaven. 12/10 can probably fly https://t.co/X6X9wM7NuS
1030,"""Hello yes could I get one pupper to go please thank you""
Both 13/10 https://t.co/kYWcXbluUu"
1034,This is a rare Arctic Wubberfloof. Unamused by the happenings. No longer has the appetites. 12/10 would totally hug https://t.co/krvbacIX0N
1037,"THE BRITISH ARE COMING
THE BRITISH ARE COMING
10/10 https://t.co/frGWV7IP6J"
1039,When bae says they can't go out but you see them with someone else that same night. 5/10 &amp; 10/10 for heartbroken pup https://t.co/aenk0KpoWM
1042,I present to you... Dog Jesus. 13/10 (he could be sitting on a rock but I doubt it) https://t.co/fR1P3g5I6k
1044,Here we see one dog giving a puptalk to another dog. Both are focused af. Left one has powerful feet. 11/10 for both https://t.co/fUacc13OrW
1045,This golden is happy to refute the soft mouth egg test. Not a fan of sweeping generalizations. 11/10 #notallpuppers https://t.co/DgXYBDMM3E
1053,Stop sending in lobsters. This is the final warning. We only rate dogs. Thank you... 9/10 https://t.co/B9ZXXKJYNx
1055,This pupper can only sleep on shoes. It's a crippling disease. Tearing his family apart. 12/10 I'd totally pet tho https://t.co/03XlvS8izg
1056,"""I'm the only one that ever does anything in this household"" 10/10 https://t.co/V8HcVIh4jt"
1058,Happy Wednesday here's a pup wearing a beret. 12/10 please enjoy https://t.co/MXedEzSHIf
1064,Here we see 33 dogs posing for a picture. All get 11/10 for superb cooperation https://t.co/TRAri5iHzd
1065,Downright majestic af 12/10 https://t.co/WFh2FEbYzj
1070,We normally don't rate birds but I feel bad cos this one forgot to fly south for the winter. 9/10 just wants a bath https://t.co/o47yitCn9N
1072,This pupper just wants to say hello. 11/10 would knock down fence for https://t.co/A8X8fwS78x
1073,When you have a ton of work to do but then remember you have tomorrow off. 10/10 https://t.co/MfEaMUFYTx
1075,When you stumble but recover quickly cause your crush is watching. 12/10 https://t.co/PMeq6IedU7
1078,This pupper is sprouting a flower out of her head. 12/10 revolutionary af https://t.co/glmvQBRjv4
1080,Please send dogs. I'm tired of seeing other stuff like this dangerous pirate. We only rate dogs. Thank you... 10/10 https://t.co/YdLytdZOqv
1083,With great pupper comes great responsibility. 12/10 https://t.co/hK6xB042EP
1088,Another magnificent photo. 12/10 https://t.co/X5w387K5jr
1091,"""You got any games on your phone"" 7/10 for invasive brown Dalmatian pupper https://t.co/yzGR9xjE9Q"
1095,This pupper's New Year's resolution was to become a Hershey's kiss. 11/10 she's super pumped about it https://t.co/D7jYj6vdwC
1096,I just love this picture. 12/10 lovely af https://t.co/Kc84eFNhYU
1102,Heartwarming scene here. Son reuniting w father after coming home from deployment. Very moving. 10/10 for both pups https://t.co/95JJevQOWW
1104,Your fav crew is back and this time they're embracing cannabis culture. 12/10 for all https://t.co/oSvRDuMm1D
1105,This pupper has a magical eye. 11/10 I can't stop looking at it https://t.co/heAGpKTpPW
1107,This is the newly formed pupper a capella group. They're just starting out but I see tons of potential. 8/10 for all https://t.co/wbAcvFoNtn
1111,"For the last time, WE. DO. NOT. RATE. BULBASAUR. We only rate dogs. Please only send dogs. Thank you ...9/10 https://t.co/GboDG8WhJG"
1112,"""Tristan do not speak to me with that kind of tone or I will take away the Xbox."" 10/10 https://t.co/VGPH0TfESw"
1114,I would like everyone to appreciate this pup's face as much as I do. 11/10 https://t.co/QIe7oxkSNo
1121,"""Hello yes I'll just get one of each color thanks"" 12/10 for all https://t.co/AMDsllQs7a"
1124,"""FOR THE LAST TIME I DON'T WANNA PLAY TWISTER ALL THE SPOTS ARE GREY DAMN IT CINDY"" ...10/10 https://t.co/uhQNehTpIu"
1128,Someone help the girl is being mugged. Several are distracting her while two steal her shoes. Clever puppers 121/110 https://t.co/1zfnTJLt55
1130,"""Yo Boomer I'm taking a selfie, grab your stick""
""Ok make sure to get this rad hole I just dug in there""

Both 10/10 https://t.co/e0gbl9VFpA"
1136,Here we see a faulty pupper. Might need to replace batteries. Try turning off &amp; back on again. 9/10 would still pet https://t.co/O1E4AtHVxO
1137,Breathtaking pupper here. Should be on the cover of Dogue. Top-notch tongue. Appears considerably fluffy. 12/10 https://t.co/Eeh3yfdglS
1142,"""Hello forest pupper I am house pupper welcome to my abode"" (8/10 for both) https://t.co/qFD8217fUT"
1143,I just want to be friends with this dog. Appears to be into the sports. A true brobean. 10/10 would introduce to mom https://t.co/1Z7Q6svWpe
1145,"""Have a seat, son. There are some things we need to discuss"" 10/10 https://t.co/g4G5tvfTVd"
1148,aahhhhkslaldhwnxmzbbs 12/10 for being da smooshiest https://t.co/UOPdXmUz4H
1149,Here we see a nifty leaping pupper. Feet look deadly. Sad that the holidays are over. 9/10 undeniably huggable https://t.co/ny8mnXhGOW
1154,I have no words. Just a magnificent pup. 12/10 https://t.co/viwWHZgX8j
1155,"I know we joke around on here, but this is getting really frustrating. We rate dogs. Not T-Rex. Thank you... 8/10 https://t.co/5aFw7SWyxU"
1165,*collapses* 12/10 https://t.co/C7M8mnzHIK
1173,I just love this pic. 11/10 this pupper is going places https://t.co/P16uhh1PbI
1175,I thought I made this very clear. We only rate dogs. Stop sending other things like this shark. Thank you... 9/10 https://t.co/CXSJZ4Stk3
1182,Great picture here. Dog on the right panicked &amp; forgot about his tongue. Middle green dog must've fainted. All 10/10 https://t.co/31npKUAox0
1185,Here we have uncovered an entire battalion of holiday puppers. Average of 11.26/10 https://t.co/eNm2S6p9BD
1187,Here's a sleepy Christmas pupper 11/10 https://t.co/KXg0f8GNQ9
1192,This pupper is not coming inside until she catches a snowflake on her tongue. 11/10 the determination is palpable https://t.co/lvMYbmKq8H
1195,"""Dammit hooman I'm jus trynna lik the fler"" 11/10 https://t.co/eRZRI8OTj7"
1198,Everybody look at this beautiful pupper 13/10 https://t.co/hyAC5Hq9GC
1200,This pup's name is Sabertooth (parents must be cool). Ears for days. Jumps unannounced. 9/10 would pet diligently https://t.co/iazoiNUviP
1203,Guys this really needs to stop. We've been over this way too many times. This is a giraffe. We only rate dogs.. 7/10 https://t.co/yavgkHYPOC
1208,I know everyone's excited for Christmas but that doesn't mean you can send in reindeer. We only rate dogs... 8/10 https://t.co/eWjWgbOCYL
1212,This dog doesn't know how to stairs. Quite tragic really. 9/10 get it together pup https://t.co/kTpr9PTMg1
1213,If your Monday isn't going so well just take a look at this. Both 12/10 https://t.co/GJT6SILPGU
1215,Here's a pupper with some mean tan lines. Snazzy sweater though 12/10 https://t.co/DpCSVsl6vu
1222,Touching scene here. Really stirs up the emotions. The bond between father &amp; son. So beautiful. 10/10 for both pups https://t.co/AJWJHov5gx
1225,This made my day. 12/10 please enjoy https://t.co/VRTbo3aAcm
1226,These little fellas have opposite facial expressions. Both 12/10 https://t.co/LmThv0GWen
1229,This pupper likes tape. 12/10 https://t.co/cSp6w5GWgm
1231,Another spooky pupper here. Most definitely floating. No legs. Probably knows some dark magic. 10/10 very spooked https://t.co/JK8MByRzgj
1234,"""Everything looks pretty good in there. Make sure to brush your gums. Been flossing? How's school going?"" Both 10/10 https://t.co/lWL2IMJqLR"
1235,Guys this was terrifying. Really spooked me up. We don't rate ghosts. We rate dogs. Please only send dogs... 9/10 https://t.co/EJImi1udYb
1236,IT'S PUPPERGEDDON. Total of 144/120 ...I think https://t.co/ZanVtAtvIq
1239,This was Cindy's face when she heard Susan forgot the snacks for after the kid's soccer game. 11/10 https://t.co/gzkuVGRgAD
1240,Endangered triangular pup here. Could be a wizard. Caught mid-laugh. No legs. Just fluff. Probably a wizard. 9/10 https://t.co/GFVIHIod0Z
1241,This is a dog swinging. I really enjoyed it so I hope you all do as well. 11/10 https://t.co/Ozo9KHTRND
1242,Contortionist pup here. Inside pentagram. Clearly worships Satan. Known to slowly push fragile stuff off tables 6/10 https://t.co/EX9oR55VMe
1243,Reckless pupper here. Not even looking at road. Absolute menace. No regard for fellow pupper lives. 10/10 still cute https://t.co/96IBkOYB7j
1244,Not much to say here. I just think everyone needs to see this. 12/10 https://t.co/AGag0hFHpe
1246,This dog gave up mid jump. 9/10 https://t.co/KmMv3Y2zI8
1251,This is the happiest pupper I've ever seen. 10/10 would trade lives with https://t.co/ep8ATEJwRb
1252,Here we see a Byzantine Rigatoni. Very aerodynamic. No eyes. Actually not windy here they just look like that. 9/10 https://t.co/gzI0m6wXRo
1254,10/10 I'd follow this dog into battle no questions asked https://t.co/ngTNXYQF0L
1256,This pups goal was to get all four feet as close to each other as possible. Valiant effort 12/10 https://t.co/2mXALbgBTV
1257,Here we see a rare pouched pupper. Ample storage space. Looks alert. Jumps at random. Kicked open that door. 8/10 https://t.co/mqvaxleHRz
1259,Finally some constructive political change in this country. 11/10 https://t.co/mvQaETHVSb
1260,Watch out Airbud. This pupper is also good at the sports. 12/10 I'm thinking D1 https://t.co/1HrFdo7M0C
1262,I promise this wasn't meant to be a cuteness overload account but ermergerd look at this cozy pupper. 13/10 https://t.co/mpQl2rJjDh
1263,This is the saddest/sweetest/best picture I've been sent. 12/10 ?? https://t.co/vQ2Lw1BLBF
1264,*screeches for a sec and then faints* 12/10 https://t.co/N5QL4ySBEx
1268,This pupper is very passionate about Christmas. Wanted to give the tree a hug. So cute. 8/10 https://t.co/NsGyECJuq7
1269,ITSOFLUFFAYYYYY 12/10 https://t.co/bfw13CnuuZ
1271,Three generations of pupper. 11/10 for all https://t.co/tAmQYvzrau
1272,Hope your Monday isn't too awful. Here's two baseball puppers. 11/10 for each https://t.co/dB0H9hdZai
1274,All this pupper wanted to do was go skiing. No one told him about the El Niño. Poor pupper. 10/10 maybe next year https://t.co/fTgbq1UBR9
1277,These two pups just met and have instantly bonded. Spectacular scene. Mesmerizing af. 10/10 and 7/10 for blue dog https://t.co/gwryaJO4tC
1280,"""Yes hello I'ma just snag this here toasted bagel real quick. carry on."" 9/10 https://t.co/Cuz0Osnekp"
1281,I'm sure you've all seen this pupper. Not prepared at all for the flying disc of terror. 10/10 https://t.co/G0pQiFGM7O
1283,Breathtaking scene. A father taking care of his newborn pup. Tugs at the heartstrings. 10/10 restores my faith https://t.co/06oZdehGEa
1284,"Ok, I'll admit this is a pretty adorable bunny hopping towards the ocean but please only send in dogs... 11/10 https://t.co/sfsVCGIipI"
1285,Here we have an entire platoon of puppers. Total score: 88/80 would pet all at once https://t.co/y93p6FLvVw
1287,? HELLO FROM THE OTHER SIIIIIIIIDE ? 10/10s https://t.co/GK2HJtkdQk
1288,Here's a handful of sleepy puppers. All look unaware of their surroundings. Lousy guard dogs. Still cute tho 11/10s https://t.co/lyXX3v5j4s
1291,Here's a pupper licking in slow motion. 12/10 please enjoy https://t.co/AUJi8ujxw9
1293,This is a Sizzlin Menorah spaniel from Brooklyn named Wylie. Lovable eyes. Chiller as hell. 10/10 and I'm out.. poof https://t.co/7E0AiJXPmI
1294,Seriously guys?! Only send in dogs. I only rate dogs. This is a baby black bear... 11/10 https://t.co/H7kpabTfLj
1297,12/10 stay woke https://t.co/XDiQw4Akiw
1299,RT until we find this dog. Clearly a cool dog (front leg relaxed out window). Looks to be a superb driver. 10/10 https://t.co/MnTrKaQ8Wn
1300,Happy Friday. Here's some golden puppers. 12/10 for all https://t.co/wNkqAED6lG
1301,"The tail alone is 13/10. Great dog, better owner https://t.co/IyAXinfyju"
1303,Everyone needs to watch this. 13/10 https://t.co/Bb3xnpsWBC
1304,Good morning here's a grass pupper. 12/10 https://t.co/2d68FmWGGs
1306,holy shit 12/10 https://t.co/p6O8X93bTQ
1307,When you're presenting a group project and the 4th guy tells the teacher that he did all the work. 10/10 https://t.co/f50mbB4UWS
1309,What an honor. 3 dogs here. Blond one is clearly a gymnast. Other two just confused. Very nifty pups. 9/10 for all https://t.co/YDgstgIDGs
1311,C'mon guys. We've been over this. We only rate dogs. This is a cow. Please only submit dogs. Thank you...... 9/10 https://t.co/WjcELNEqN2
1312,This is a fluffy albino Bacardi Columbia mix. Excellent at the tweets. 11/10 would hug gently https://t.co/diboDRUuEI
1316,"When your entire life is crumbling before you and you're trying really hard to hold your shit together.
10/10 https://t.co/vqFkgYPCW8"
1318,ER... MER... GERD 13/10 https://t.co/L1puJISV1a
1321,These two pups are masters of camouflage. Very dedicated to the craft. Both must've spent decades practicing. 10/10s https://t.co/RBiQ8hPqwr
1322,Everyone please just appreciate how perfect these two photos are. 12/10 for both https://t.co/rLf7asnHxO
1324,"""? DO YOU BELIEVE IN LIFE AFTER LOVE ?""
11/10 https://t.co/URNs5zFskc"
1327,Two gorgeous dogs here. Little waddling dog is a rebel. Refuses to look at camera. Must be a preteen. 5/10 &amp; 8/10 https://t.co/YPfw7oahbD
1328,When you see sophomores in high school driving. 11/10 https://t.co/m6aC8d1Kzp
1329,This pupper is fed up with being tickled. 12/10 I'm currently working on an elaborate heist to steal this dog https://t.co/F33n1hy3LL
1331,This pupper just wants a belly rub. This pupper has nothing to do w the tree being sideways now. 10/10 good pupper https://t.co/AyJ7Ohk71f
1338,"""AT DAWN, WE RIDE""
10/10 for both dogs https://t.co/3aXX6wH6it"
1342,This is a Sagitariot Baklava mix. Loves her new hat. 11/10 radiant pup https://t.co/Bko5kFJYUU
1346,Yea I can't handle the cuteness anymore. Curls for days. 12/10 for all https://t.co/sAI6gCGZYX
1349,When you realize it doesn't matter how hard you study. You're still going to fail. 10/10 https://t.co/qzYXbyv0SJ
1354,Guys I'm getting real tired of this. We only rate dogs. Please don't send in other things like this Bulbasaur. 3/10 https://t.co/t5rQHl6W8M
1355,When you're having a great time sleeping and your mom comes in and turns on the lights. 10/10 https://t.co/6qYd6BNSPd
1356,? HELLO FROM THE OTHER SIIIIIIIIDE ? 10/10 https://t.co/MTOOksRzvH
1357,I know a lot of you are studying for finals. Good luck! Here's this. It should help somehow. 12/10 https://t.co/s2ktuPQd79
1361,When you're having a blast and remember tomorrow's Monday. 11/10 https://t.co/YPsJasNVGe
1367,This is a Lofted Aphrodisiac Terrier named Kip. Big fan of bed n breakfasts. Fits perfectly. 10/10 would pet firmly https://t.co/gKlLpNzIl3
1370,When you ask your professor about extra credit on the last day of class. 8/10 https://t.co/H6rqZyE4NP
1373,*lets out a tiny screech and then goes into complete cardiac arrest* 12/10 https://t.co/az5PLGzVNJ
1376,IT'S SO SMALL ERMERGERF 11/10 https://t.co/dNUbKOSiWW
1379,Take a moment and appreciate how these two dogs fell asleep. Simply magnificent. 10/10 for both https://t.co/juX48bWpng
1382,Magical floating dog here. Very calm. Always hangs by the pond. Rather moist. Good listener. 6/10 personally I'd pet https://t.co/1euKoOvy49
1387,Extraordinary dog here. Looks large. Just a head. No body. Rather intrusive. 5/10 would still pet https://t.co/ufHWUFA9Pu
1394,This lil pupper is sad because we haven't found Kony yet. RT to spread awareness. 12/10 would pet firmly https://t.co/Cv7dRdcMvQ
1395,This is a baby Rand Paul. Curls for days. 11/10 would cuddle the hell out of https://t.co/xHXNaPAYRe
1399,When she says she'll be ready in a minute but you've been waiting in the car for almost an hour. 10/10 https://t.co/EH0N3dFKUi
1405,When you accidentally open up the front facing camera. 10/10 https://t.co/jDXxZARQIZ
1408,10/10 for dog. 7/10 for cat. 12/10 for human. Much skill. Would pet all https://t.co/uhx5gfpx5k
1415,This pup has a heart on its ass and that is downright legendary. 12/10 https://t.co/0OI927mmNJ
1416,This is just impressive I have nothing else to say. 11/10 https://t.co/LquQZiZjJP
1424,When you try to recreate the scene from Lady &amp; The Tramp but then remember you don't have a significant other. 10/10 https://t.co/TASnD8Q08S
1425,This is a Tuscaloosa Alcatraz named Jacob (Yac?b). Loves to sit in swing. Stellar tongue. 11/10 look at his feet https://t.co/2IslQ8ZSc7
1427,This is the best thing I've ever seen so spread it like wildfire &amp; maybe we'll find the genius who created it. 13/10 https://t.co/q6RsuOVYwU
1436,Tfw she says hello from the other side. 9/10 https://t.co/lS1TIDagIb
1439,This pup holds the secrets of the universe in his left eye. 12/10 https://t.co/F7xwE0wmnu
1440,Pack of horned dogs here. Very team-oriented bunch. All have weird laughs. Bond between them strong. 8/10 for all https://t.co/U7DQQdZ0mX
1442,*struggling to breathe properly* 12/10 https://t.co/NKHx0pcOii
1443,This is a Helvetica Listerine named Rufus. This time Rufus will be ready for the UPS guy. He'll never expect it 9/10 https://t.co/34OhVhMkVr
1444,Neat pup here. Enjoys lettuce. Long af ears. Short lil legs. Hops surprisingly high for dog. 9/10 still very petable https://t.co/HYR611wiA4
1445,Me running from commitment. 10/10 https://t.co/ycVJyFFkES
1447,Two miniature golden retrievers here. Webbed paws. Don't walk very efficiently. Can't catch a tennis ball. 4/10s https://t.co/WzVLdSHJU7
1450,Yea I can't handle this job anymore your dogs are too adorable. 12/10 https://t.co/N9W5L7BLTm
1455,Can't do better than this lol. 10/10 for the owner https://t.co/yrqGyMZhW6
1460,I would do radical things in the name of Dog God. I'd believe every word in that book. 10/10 https://t.co/9ZuGAmLZDR
1463,Two obedient dogs here. Left one has extra leg sticking out of its back. They each get 9/10. Would pet both at once https://t.co/RGcNPsmAfY
1465,"This dude slaps your girl's ass what do you do?
5/10 https://t.co/6dioUL6gcP"
1467,"""To bone or not to bone?""
10/10 https://t.co/4g5kFdxp6g"
1470,*screams for a little bit and then crumples to the floor shaking* 12/10 https://t.co/W2MCt9pTed
1475,This dog can't see its haters. 11/10 https://t.co/35BcGFdEAK
1478,Two unbelievably athletic dogs here. Great form. Perfect execution. 10/10 for both https://t.co/sQuKwSKtDE
1482,This is a Deciduous Trimester mix named Spork. Only 1 ear works. No seat belt. Incredibly reckless. 9/10 still cute https://t.co/CtuJoLHiDo
1489,"AT DAWN...
WE RIDE

11/10 https://t.co/QnfO7HEQGA"
1490,This is a Speckled Cauliflower Yosemite named Hemry. He's terrified of intruder dog. Not one bit comfortable. 9/10 https://t.co/yV3Qgjh8iN
1493,"""Hi yes this is dog. I can't help with that s- sir please... the manager isn't in right n- well that was rude""
10/10 https://t.co/DuQXATW27f"
1497,??? 10/10 for the dog and the owner https://t.co/5iYF0Ci0EK
1502,I've never seen a dog so genuinely happy about a tennis ball. 12/10 s'cute https://t.co/9RYY2NtHDw
1507,"Very human-like. Cute overbite smile *finger to earpiece* I'm being told that the dog is actually on the right
10/10 https://t.co/MSIbWu4YYs"
1511,This is a Coriander Baton Rouge named Alfredo. Loves to cuddle with smaller well-dressed dog. 10/10 would hug lots https://t.co/eCRdwouKCl
1516,Here we have a Gingivitis Pumpernickel named Zeus. Unmatched tennis ball capacity. 10/10 would highly recommend https://t.co/jPkd7hhX7m
1520,Just got home from college. Dis my dog. She does all my homework. Big red turd in background. 13/10 no bias at all https://t.co/6WGFp9cuj6
1524,"Here we have Pancho and Peaches. Pancho is a Condoleezza Gryffindor, and Peaches is just an asshole. 10/10 &amp; 7/10 https://t.co/Lh1BsJrWPp"
1527,Two gorgeous pups here. Both have cute fake horns(adorable). Barn in the back looks on fire. 5/10 would pet rly well https://t.co/w5oYFXi0uh
1533,This is a Slovakian Helter Skelter Feta named Leroi. Likes to skip on roofs. Good traction. Much balance. 10/10 wow! https://t.co/Dmy2mY2Qj5
1540,This is a wild Toblerone from Papua New Guinea. Mouth always open. Addicted to hay. Acts blind. 7/10 handsome dog https://t.co/IGmVbz07tZ
1544,This is an Irish Rigatoni terrier named Berta. Completely made of rope. No eyes. Quite large. Loves to dance. 10/10 https://t.co/EM5fDykrJg
1551,There's a lot going on here but in my honest opinion every dog pictured is pretty fabulous. 10/10 for all. Good dogs https://t.co/VvYVbsi6c3
1554,This is a Birmingham Quagmire named Chuk. Loves to relax and watch the game while sippin on that iced mocha. 10/10 https://t.co/HvNg9JWxFt
1556,Good teamwork between these dogs. One is on lookout while other eats. Long necks. Nice big house. 9/10s good pups https://t.co/uXgmECGYEB
1558,2 rare dogs. They waddle (v inefficient). Sometimes slide on bellies. Right one wants to be aircraft Marshall. 9/10s https://t.co/P8bivfp5sU
1561,Here we have an Azerbaijani Buttermilk named Guss. He sees a demon baby Hitler behind his owner. 10/10 stays alert https://t.co/aeZykWwiJN
1565,These two dogs are Bo &amp; Smittens. Smittens is trying out a new deodorant and wanted Bo to smell it. 10/10 true pals https://t.co/4pw1QQ6udh
1568,This is a Trans Siberian Kellogg named Alfonso. Huge ass eyeballs. Actually Dobby from Harry Potter. 7/10 https://t.co/XpseHBlAAb
1576,This is a Shotokon Macadamia mix named Cheryl. Sophisticated af. Looks like a disappointed librarian. Shh (lol) 9/10 https://t.co/J4GnJ5Swba
1577,"THE EYES 12/10

I'm sorry. These are supposed to be funny but your dogs are too adorable https://t.co/z1xPTgVLc7"
1579,OMIGOD 12/10 https://t.co/SVMF4Frf1w
1580,Dogs only please. Small cows and other non canines will not be tolerated. Sick tattoos tho 8/10 https://t.co/s1z7mX4c9O
1581,This is a rare Hungarian Pinot named Jessiga. She is either mid-stroke or got stuck in the washing machine. 8/10 https://t.co/ZU0i0KJyqD
1585,"This is a southwest Coriander named Klint. Hat looks expensive. Still on house arrest :(
9/10 https://t.co/IQTOMqDUIe"
1588,Another topnotch dog. His name is Big Jumpy Rat. Massive ass feet. Superior tail. Jumps high af. 12/10 great pup https://t.co/seESNzgsdm
1590,This a Norwegian Pewterschmidt named Tickles. Ears for days. 12/10 I care deeply for Tickles https://t.co/0aDF62KVP7
1593,Two dogs in this one. Both are rare Jujitsu Pythagoreans. One slightly whiter than other. Long legs. 7/10 and 8/10 https://t.co/ITxxcc4v9y
1594,This is a northern Wahoo named Kohl. He runs this town. Chases tumbleweeds. Draws gun wicked fast. 11/10 legendary https://t.co/J4vn2rOYFk
1597,Ermergerd 12/10 https://t.co/PQni2sjPsm
1602,*takes several long deep breaths* omg omg oMG OMG OMG OMGSJYBSNDUYWJO 12/10 https://t.co/QCugm5ydl6
1604,This is a Dasani Kingfisher from Maine. His name is Daryl. Daryl doesn't like being swallowed by a panda. 8/10 https://t.co/jpaeu6LNmW
1605,These are strange dogs. All have toupees. Long neck for dogs. In a shed of sorts? Work in groups? 4/10 still petable https://t.co/PZxSarAfSN
1611,Extremely intelligent dog here. Has learned to walk like human. Even has his own dog. Very impressive 10/10 https://t.co/0DvHAMdA4V
1616,12/10 gimme now https://t.co/QZAnwgnOMB
1618,These are Peruvian Feldspars. Their names are Cupit and Prencer. Both resemble Rand Paul. Sick outfits 10/10 &amp; 10/10 https://t.co/ZnEMHBsAs1
1619,12/10 simply brilliant pup https://t.co/V6ZzG45zzG
1622,This is a purebred Bacardi named Octaviath. Can shoot spaghetti out of mouth. 10/10 https://t.co/uEvsGLOFHa
1625,This is a golden Buckminsterfullerene named Johm. Drives trucks. Lumberjack (?). Enjoys wall. 8/10 would hug softly https://t.co/uQbZJM2DQB
1627,Cool dog. Enjoys couch. Low monotone bark. Very nice kicks. Pisses milk (must be rare). Can't go down stairs. 4/10 https://t.co/vXMKrJC81s
1631,Here we see a lone northeastern Cumberbatch. Half ladybug. Only builds with bricks. Very confident with body. 7/10 https://t.co/7LtjBS0GPK
1632,"""Can you behave? You're ruining my wedding day""
DOG: idgaf this flashlight tastes good as hell

10/10 https://t.co/GlFZPzqcEU"
1633,Oh boy what a pup! Sunglasses take this one to the next level. Weirdly folds front legs. Pretty big. 6/10 https://t.co/yECbFrSArM
1634,Here we have an Austrian Pulitzer. Collectors edition. Levitates (?). 7/10 would garden with https://t.co/NMQq6HIglK
1635,*internally screaming* 12/10 https://t.co/YMcrXC2Y6R
1637,This is a southern Vesuvius bumblegruff. Can drive a truck (wow). Made friends with 5 other nifty dogs (neat). 7/10 https://t.co/LopTBkKa8h
1638,Oh goodness. A super rare northeast Qdoba kangaroo mix. Massive feet. No pouch (disappointing). Seems alert. 9/10 https://t.co/Dc7b0E8qFE
1639,Those are sunglasses and a jean jacket. 11/10 dog cool af https://t.co/uHXrPkUEyl
1640,Here we have a mixed Asiago from the Galápagos Islands. Only one ear working. Big fan of marijuana carpet. 8/10 https://t.co/tltQ5w9aUO
1641,Look at this jokester thinking seat belt laws don't apply to him. Great tongue tho 10/10 https://t.co/VFKG1vxGjB
1642,This is an extremely rare horned Parthenon. Not amused. Wears shoes. Overall very nice. 9/10 would pet aggressively https://t.co/QpRjllzWAL
1643,This is an Albanian 3 1/2 legged  Episcopalian. Loves well-polished hardwood flooring. Penis on the collar. 9/10 https://t.co/d9NcXFKwLv
1644,Can take selfies 11/10 https://t.co/ws2AMaNwPW
1645,Oh my. Here you are seeing an Adobe Setter giving birth to twins!!! The world is an amazing place. 11/10 https://t.co/11LvqN4WLq
1646,Can stand on stump for what seems like a while. Built that birdhouse? Impressive. Made friends with a squirrel. 8/10 https://t.co/Ri4nMTLq5C
1647,This appears to be a Mongolian Presbyterian mix. Very tired. Tongue slip confirmed. 9/10 would lie down with https://t.co/mnioXo3IfP
1648,Here we have a well-established sunblockerspaniel. Lost his other flip-flop. 6/10 not very waterproof https://t.co/3RU6x0vHB7
1649,Let's hope this flight isn't Malaysian (lol). What a dog! Almost completely camouflaged. 10/10 I trust this pilot https://t.co/Yk6GHE9tOY
1650,Here we have a northern speckled Rhododendron. Much sass. Gives 0 fucks. Good tongue. 9/10 would caress sensually https://t.co/ZoL8kq2XFx
1651,This is the happiest dog you will ever see. Very committed owner. Nice couch. 10/10 https://t.co/RhUEAloehK
1652,Here is the Rand Paul of retrievers folks! He's probably good at poker. Can drink beer (lol rad). 8/10 good dog https://t.co/pYAJkAe76p
1653,My oh my. This is a rare blond Canadian terrier on wheels. Only $8.98. Rather docile. 9/10 very rare https://t.co/yWBqbrzy8O
1654,Here is a Siberian heavily armored polar bear mix. Strong owner. 10/10 I would do unspeakable things to pet this dog https://t.co/rdivxLiqEt
1655,This is a truly beautiful English Wilson Staff retriever. Has a nice phone. Privileged. 10/10 would trade lives with https://t.co/fvIbQfHjIe
1656,Here we have a 1949 1st generation vulpix. Enjoys sweat tea and Fox News. Cannot be phased. 5/10 https://t.co/4B7cOc1EDq
1657,This is a purebred Piers Morgan. Loves to Netflix and chill. Always looks like he forgot to unplug the iron. 6/10 https://t.co/DWnyCjf2mx
1658,Here is a very happy pup. Big fan of well-maintained decks. Just look at that tongue. 9/10 would cuddle af https://t.co/y671yMhoiR
1659,This is a western brown Mitsubishi terrier. Upset about leaf. Actually 2 dogs here. 7/10 would walk the shit out of https://t.co/r7mOb2m0UI
1660,Here we have a Japanese Irish Setter. Lost eye in Vietnam (?). Big fan of relaxing on stair. 8/10 would pet https://t.co/BLDqew2Ijj
